California Association of Food Banks,Water Bottles#Canned Chicken#Peanut Butter#Canned Fruit ,1624 Franklin St,Oakland,California,94612
United Food Bank Admin and Warehouse Facility,Grains#Spices#Cereals#Butter#Canned Vegetables ,245 S Nina Dr,Mesa ,Arizona,85210
Maryland Food Bank,Water Bottles#Canned Chicken#Peanut Butter#Canned Fruit ,2200 Halethorpe Farms Rd ,Halethorpe,Baltimore,21227
Food Bank of the Rockies,Water Bottles#Canned Chicken#Peanut Butter#Canned Fruit ,10700 E 45th Ave,Denver,Colorodo,80239
FIND Food Bank,Bread#Water Bottles#Cookies#Corn#Canned Chicken#Spices,83775 Citrus Ave,Indio,California,92201
Capital Area Food Bank,Canned Chicken/Tuna#Peanut Butter#Canned Fruits ,4900 Puerto Rico Ave NE,"Washington, DC ",Columbia,20017
Oregon Food Bank,Bread#Water Bottles#Cookies#Corn#Canned Chicken#Spices,7900 NE 33rd Dr,Portland,Oregon,97211
San Francisco-Marin Food Bank,Corn#Bread#Watter Bottles#Tomato Sauce#Cookies,900 Pennsylvania Ave,San Francisco,California,94107
Greater Chicago Food Depository,Corn#Bread#Watter Bottles#Tomato Sauce#Cookies,4100 W. Ann Lurie Place,Chicago,Illinois,60632
Grand Central Neighborhood Social Services Corporation,Corn#Bread#Watter Bottles#Tomato Sauce#Cookies,120 East 32nd,New York City,New York,10016
Los Angles Regional Food Bank,Water#Canned Tuna/Chicken#Peanut Butter#Jelly#Soup#Stew#Canned Fruit,1734 E 41st St,Los Angeles,California,90058
Houston Food Bank,Canned Meat#Canned Pasta#Canned Fruit#Canned Vegetables#Canned Applesauce,535 Portwall St,Houston,Texas,77029
Pine Street Inn,Corn#Bread#Watter Bottles#Tomato Sauce#Cookies,100 Paul Sullivan Way,Boston,Massachusetts,21345
Capital Area Food Bank,Grains#Spices#Cereal#Peanut Butter#Canned Meat#Canned Vegetables#Canned Fruit,4900 Puerto Rico Ave NE,Washington DC,N/A,20017
Harvesters - The Community Food Network,Corn#Bread#Watter Bottles#Tomato Sauce#Cookies,3801 Topping Ave,Kansas City,Missouri,64129